{
  "dataset": "outputs/homecredit_preprocessed.csv",
  "total_rows": 307511,
  "seed": 42,
  "splits": {
    "train": {
      "rows": 184506,
      "default_rate": 0.0813198486770078
    },
    "validation": {
      "rows": 61502,
      "default_rate": 0.08027381223374849
    },
    "test": {
      "rows": 61503,
      "default_rate": 0.07941076045070972
    }
  },
  "strategies_evaluated": [
    "class_weight",
    "smote",
    "adasyn"
  ],
  "best_strategy_per_model": {
    "LR": "class_weight",
    "RF": "class_weight",
    "XGBoost": "class_weight",
    "LightGBM": "class_weight"
  },
  "all_strategy_metrics": {
    "class_weight": {
      "LR": {
        "validation": {
          "roc_auc": 0.7483339883647726,
          "pr_auc": 0.22588597768330396,
          "ks": 0.3672527788077268,
          "f1": 0.25831351604225955,
          "accuracy": 0.6906604663262983,
          "precision": 0.15994013710533939,
          "recall": 0.6710552967389103,
          "specificity": 0.6923716078847344,
          "positive_rate": 0.08027381223374849,
          "predicted_positive_rate": 0.3368020552177165
        },
        "test": {
          "roc_auc": 0.749052697153158,
          "pr_auc": 0.21847425187656655,
          "ks": 0.3769107795097304,
          "f1": 0.2596447780830399,
          "accuracy": 0.688909484090207,
          "precision": 0.16007443103201488,
          "recall": 0.6869369369369369,
          "specificity": 0.6890796375774917,
          "positive_rate": 0.07941076045070972,
          "predicted_positive_rate": 0.3407801245467701
        }
      },
      "RF": {
        "validation": {
          "roc_auc": 0.7258097480387595,
          "pr_auc": 0.2062059349705453,
          "ks": 0.3403835127163383,
          "f1": 0.25270641460656,
          "accuracy": 0.6991967740886476,
          "precision": 0.1578283465361522,
          "recall": 0.6335831476605226,
          "specificity": 0.7049235392910811,
          "positive_rate": 0.08027381223374849,
          "predicted_positive_rate": 0.32224968293714024
        },
        "test": {
          "roc_auc": 0.7292193929453507,
          "pr_auc": 0.20568778217232123,
          "ks": 0.34445936377266845,
          "f1": 0.25214574898785425,
          "accuracy": 0.6996569273043591,
          "precision": 0.15714574081550262,
          "recall": 0.6375921375921376,
          "specificity": 0.7050106854589449,
          "positive_rate": 0.07941076045070972,
          "predicted_positive_rate": 0.3221956652521015
        }
      },
      "XGBoost": {
        "validation": {
          "roc_auc": 0.7566743120124315,
          "pr_auc": 0.24112465096628305,
          "ks": 0.3793205366133569,
          "f1": 0.26899720991301496,
          "accuracy": 0.7103183636304511,
          "precision": 0.16866478003601748,
          "recall": 0.6639659712375937,
          "specificity": 0.7143640060107841,
          "positive_rate": 0.08027381223374849,
          "predicted_positive_rate": 0.31600598354525056
        },
        "test": {
          "roc_auc": 0.7572604938286069,
          "pr_auc": 0.23800665905532134,
          "ks": 0.3865608140763124,
          "f1": 0.26715096110680325,
          "accuracy": 0.7080305025771101,
          "precision": 0.16682807482542433,
          "recall": 0.6701474201474201,
          "specificity": 0.7112983274165916,
          "positive_rate": 0.07941076045070972,
          "predicted_positive_rate": 0.318992569468156
        }
      },
      "LightGBM": {
        "validation": {
          "roc_auc": 0.7584581979740452,
          "pr_auc": 0.24086195351086923,
          "ks": 0.38207430776193363,
          "f1": 0.27200912841218294,
          "accuracy": 0.7302851939774316,
          "precision": 0.17362317216650794,
          "recall": 0.6277091351022889,
          "specificity": 0.7392380447273049,
          "positive_rate": 0.08027381223374849,
          "predicted_positive_rate": 0.2902182042860395
        },
        "test": {
          "roc_auc": 0.7568967574531079,
          "pr_auc": 0.23964238211613878,
          "ks": 0.38573416482333983,
          "f1": 0.27495077663530954,
          "accuracy": 0.7305659886509601,
          "precision": 0.17483723777196594,
          "recall": 0.6433251433251433,
          "specificity": 0.7380914533990357,
          "positive_rate": 0.07941076045070972,
          "predicted_positive_rate": 0.2921971285953531
        }
      }
    },
    "smote": {
      "LR": {
        "validation": {
          "roc_auc": 0.736876074944907,
          "pr_auc": 0.21834892516681495,
          "ks": 0.35256336621238443,
          "f1": 0.2562927221552071,
          "accuracy": 0.6992618126239797,
          "precision": 0.15988561681633473,
          "recall": 0.6455337249341705,
          "specificity": 0.7039512065765049,
          "positive_rate": 0.08027381223374849,
          "predicted_positive_rate": 0.32410328119410753
        },
        "test": {
          "roc_auc": 0.7385827649299275,
          "pr_auc": 0.21444523576090585,
          "ks": 0.3556235387422798,
          "f1": 0.2539822653773623,
          "accuracy": 0.6976895435994992,
          "precision": 0.15794201307450473,
          "recall": 0.648034398034398,
          "specificity": 0.7019728359737897,
          "positive_rate": 0.07941076045070972,
          "predicted_positive_rate": 0.32582150464205
        }
      },
      "RF": {
        "validation": {
          "roc_auc": 0.6609960441902096,
          "pr_auc": 0.1417394068451844,
          "ks": 0.23733653062441618,
          "f1": 0.09955718430294702,
          "accuracy": 0.9041169392865273,
          "precision": 0.2022332506203474,
          "recall": 0.06603200324083451,
          "specificity": 0.9772650932555467,
          "positive_rate": 0.08027381223374849,
          "predicted_positive_rate": 0.02621052973887028
        },
        "test": {
          "roc_auc": 0.6654952375823462,
          "pr_auc": 0.14356634046952244,
          "ks": 0.23478101589689576,
          "f1": 0.10658884963907234,
          "accuracy": 0.9054192478415687,
          "precision": 0.2132759680393362,
          "recall": 0.07104832104832105,
          "specificity": 0.97739274801745,
          "positive_rate": 0.07941076045070972,
          "predicted_positive_rate": 0.026453994114108256
        }
      },
      "XGBoost": {
        "validation": {
          "roc_auc": 0.7446010862116803,
          "pr_auc": 0.22002932091944968,
          "ks": 0.3622376246370314,
          "f1": 0.014779308967445576,
          "accuracy": 0.9197912263015837,
          "precision": 0.5285714285714286,
          "recall": 0.007494429815677537,
          "specificity": 0.9994166003712543,
          "positive_rate": 0.08027381223374849,
          "predicted_positive_rate": 0.0011381743683132257
        },
        "test": {
          "roc_auc": 0.7453327230787096,
          "pr_auc": 0.22238512875367789,
          "ks": 0.36374263889762215,
          "f1": 0.021327967806841045,
          "accuracy": 0.9209144269385233,
          "precision": 0.6162790697674418,
          "recall": 0.010851760851760851,
          "specificity": 0.9994171567848249,
          "positive_rate": 0.07941076045070972,
          "predicted_positive_rate": 0.0013983057737020957
        }
      },
      "LightGBM": {
        "validation": {
          "roc_auc": 0.7564640663467262,
          "pr_auc": 0.23709284185886148,
          "ks": 0.37664390465986525,
          "f1": 0.03565830721003135,
          "accuracy": 0.9199700822737472,
          "precision": 0.5449101796407185,
          "recall": 0.01843224630342313,
          "specificity": 0.9986564129762221,
          "positive_rate": 0.08027381223374849,
          "predicted_positive_rate": 0.0027153588501186952
        },
        "test": {
          "roc_auc": 0.7570067213208209,
          "pr_auc": 0.23764664308555625,
          "ks": 0.38311508065919125,
          "f1": 0.03496225665474772,