{
  "dataset": "outputs/homecredit_preprocessed.csv",
  "seed": 42,
  "train_frac": 0.6,
  "val_frac": 0.2,
  "strategy": "class_weight",
  "shap_sample_n": 5000,
  "background_n": 100,
  "top_ks": [
    5,
    10
  ],
  "b_values": [
    30,
    50,
    80,
    100
  ],
  "epsilon": 0.01,
  "splits": {
    "train": {
      "rows": 184506,
      "default_rate": 0.0813198486770078
    },
    "validation": {
      "rows": 61502,
      "default_rate": 0.08027381223374849
    },
    "test": {
      "rows": 61503,
      "default_rate": 0.07941076045070972
    }
  },
  "stability": {
    "30": {
      "LR": {
        "jaccard@5": {
          "mean": 0.5413793103448276,
          "std": 0.18443351654199255,
          "n_pairs": 435
        },
        "jaccard@10": {
          "mean": 0.4644945093220955,
          "std": 0.13332237033125802,
          "n_pairs": 435
        },
        "spearman": {
          "mean": 0.823834635281648,
          "std": 0.026940995116641976,
          "n_pairs": 435
        }
      },
      "RF": {
        "jaccard@5": {
          "mean": 0.9777777777777777,
          "std": 0.08314794192830982,
          "n_pairs": 435
        },
        "jaccard@10": {
          "mean": 0.8537791710205503,
          "std": 0.09747259267913291,
          "n_pairs": 435
        },
        "spearman": {
          "mean": 0.9797549509547273,
          "std": 0.0023700485430886435,
          "n_pairs": 435
        }
      },
      "XGBoost": {
        "jaccard@5": {
          "mean": 0.7301587301587301,
          "std": 0.16379441807788148,
          "n_pairs": 435
        },
        "jaccard@10": {
          "mean": 0.8546151166840822,
          "std": 0.09431893419312941,
          "n_pairs": 435
        },
        "spearman": {
          "mean": 0.892402123450158,
          "std": 0.012279468617629281,
          "n_pairs": 435
        }
      },
      "LightGBM": {
        "jaccard@5": {
          "mean": 0.813136288998358,
          "std": 0.169177221636394,
          "n_pairs": 435
        },
        "jaccard@10": {
          "mean": 0.8495297805642633,
          "std": 0.08662228537539271,
          "n_pairs": 435
        },
        "spearman": {
          "mean": 0.9235207903494497,
          "std": 0.009116645074627725,
          "n_pairs": 435
        }
      }
    },
    "50": {
      "LR": {
        "jaccard@5": {
          "mean": 0.5479689018464529,
          "std": 0.20341641642251088,
          "n_pairs": 1225
        },
        "jaccard@10": {
          "mean": 0.4888556341617565,
          "std": 0.1339979109269922,
          "n_pairs": 1225
        },
        "spearman": {
          "mean": 0.8287868610300934,
          "std": 0.026912442141252477,
          "n_pairs": 1225
        }
      },
      "RF": {
        "jaccard@5": {
          "mean": 0.9142857142857143,
          "std": 0.14568627181693672,
          "n_pairs": 1225
        },
        "jaccard@10": {
          "mean": 0.8517939203653491,
          "std": 0.09892911023656029,
          "n_pairs": 1225
        },
        "spearman": {
          "mean": 0.9794046000725088,
          "std": 0.002589617442013728,
          "n_pairs": 1225
        }
      },
      "XGBoost": {
        "jaccard@5": {
          "mean": 0.7826239067055394,
          "std": 0.169588933954899,
          "n_pairs": 1225
        },
        "jaccard@10": {
          "mean": 0.8805194805194806,
          "std": 0.1032664905308855,
          "n_pairs": 1225
        },
        "spearman": {
          "mean": 0.8938262738119217,
          "std": 0.012189061085429229,
          "n_pairs": 1225
        }
      },
      "LightGBM": {
        "jaccard@5": {
          "mean": 0.8025267249757045,
          "std": 0.16648498230186617,
          "n_pairs": 1225
        },
        "jaccard@10": {
          "mean": 0.8511069882498453,
          "std": 0.08564353963136084,
          "n_pairs": 1225
        },
        "spearman": {
          "mean": 0.9228997014133647,
          "std": 0.009639382665950767,
          "n_pairs": 1225
        }
      }
    },
    "80": {
      "LR": {
        "jaccard@5": {
          "mean": 0.5754746835443039,
          "std": 0.1737289172845132,
          "n_pairs": 3160
        },
        "jaccard@10": {
          "mean": 0.465327183365158,
          "std": 0.13376012050048897,
          "n_pairs": 3160
        },
        "spearman": {
          "mean": 0.8245949104752525,
          "std": 0.0270788451962246,
          "n_pairs": 3160
        }
      },
      "RF": {
        "jaccard@5": {
          "mean": 0.9598101265822785,
          "std": 0.10854215101628198,
          "n_pairs": 3160
        },
        "jaccard@10": {
          "mean": 0.8333908707326428,
          "std": 0.09731608367304535,
          "n_pairs": 3160
        },
        "spearman": {
          "mean": 0.9799298396442371,
          "std": 0.0025135640543600705,
          "n_pairs": 3160
        }
      },
      "XGBoost": {
        "jaccard@5": {
          "mean": 0.781796262808921,
          "std": 0.16291878232019094,
          "n_pairs": 3160
        },
        "jaccard@10": {
          "mean": 0.876131568853088,
          "std": 0.08976184212440984,
          "n_pairs": 3160
        },
        "spearman": {
          "mean": 0.8922268202637318,
          "std": 0.013462372370535996,
          "n_pairs": 3160
        }
      },
      "LightGBM": {
        "jaccard@5": {
          "mean": 0.823372513562387,
          "std": 0.16842637262455218,
          "n_pairs": 3160
        },
        "jaccard@10": {
          "mean": 0.8557057920981973,
          "std": 0.08683420608182783,
          "n_pairs": 3160
        },
        "spearman": {
          "mean": 0.9225036739516586,
          "std": 0.009379712094138766,
          "n_pairs": 3160
        }
      }
    },
    "100": {
      "LR": {
        "jaccard@5": {
          "mean": 0.5727392977392978,
          "std": 0.1852012031358871,
          "n_pairs": 4950
        },
        "jaccard@10": {
          "mean": 0.46349979194898977,
          "std": 0.1335436480204879,
          "n_pairs": 4950
        },
        "spearman": {
          "mean": 0.827015041512859,
          "std": 0.025604755876615953,
          "n_pairs": 4950
        }
      },
      "RF": {
        "jaccard@5": {
          "mean": 0.9374410774410774,
          "std": 0.1301512788818237,
          "n_pairs": 4950
        },
        "jaccard@10": {
          "mean": 0.8210148101057193,
          "std": 0.09925157566649707,
          "n_pairs": 4950
        },
        "spearman": {
          "mean": 0.9798575904234391,
          "std": 0.002357925662783608,
          "n_pairs": 4950
        }
      },
      "XGBoost": {
        "jaccard@5": {
          "mean": 0.7689850889850891,
          "std": 0.16209784834209306,
          "n_pairs": 4950
        },
        "jaccard@10": {
          "mean": 0.8716498316498317,
          "std": 0.09049322513734274,
          "n_pairs": 4950
        },
        "spearman": {
          "mean": 0.8913110447642325,
          "std": 0.01249443911389837,
          "n_pairs": 4950
        }
      },
      "LightGBM": {
        "jaccard@5": {
          "mean": 0.872178932178932,
          "std": 0.16929281367565863,
          "n_pairs": 4950
        },
        "jaccard@10": {
          "mean": 0.8577838996020816,
          "std": 0.0850525187556713,
          "n_pairs": 4950
        },
        "spearman": {
          "mean": 0.9233165323671545,
          "std": 0.009502248456685602,
          "n_pairs": 4950
        }
      }
    }
  },
  "optimal_B": {
    "epsilon": 0.01,
    "by_model": {
      "LR": {
        "jaccard@5": {
          "chosen_B": 30,
          "means_by_B": {
            "30": 0.5413793103448276,
            "50": 0.5479689018464529,
            "80": 0.5754746835443039,
            "100": 0.5727392977392978
          },
          "deltas_by_B": {
            "30": 0.006589591501625303,
            "50": 0.027505781697851006,